{"cameraMode":{"drawMode":0,"name":"Shaded","section":"Shading Mode"},"sceneLighting":true,"audioPlay":false,"sceneViewState":{"m_AlwaysRefresh":false,"showFog":true,"showSkybox":true,"showFlares":true,"showImageEffects":true,"showParticleSystems":true,"showVisualEffectGraphs":true,"m_FxEnabled":true},"in2DMode":false,"pivot":{"x":6.938545227050781,"y":1.8082070350646973,"z":-6.095000267028809},"rotation":{"x":-0.007798167876899242,"y":-0.9683815836906433,"z":0.03051409125328064,"w":-0.24747814238071443},"size":6.607396125793457,"orthographic":false}